array1;array2;array3;array4;array5;array6;array7;array8;array9;array10;array11;array12;array13;array14;array15;array16;array17;array18;array19;array20;array21;array22;array23;array24;array25;array26;array27;array28;array29;array30;item;categorie;supercategorie
schachtel;brille;auto;lkw;safe;regal;pelzmantel;sense;sakko;daunenweste;brokkoli;schaufel;tasse;birne;cd;trauben;apfel;kanne;gurke;daunenweste;sakko;sakko;säge;arztkittel;pferd;reh;käfig;orchidee;lippenstift;reh;hai;Fische;Tiere
steckdose;regal;spaghetti;rochen;steckdose;ball;paprika;briefmarke;brokkoli;besen;arztkittel;mülleimer;birne;tasse;schornstein;spinne;glocke;banane;kopfkissen;schornstein;besen;sense;luftballon;gurke;geige;teppich;tulpe;klavier;löwenzahn;parfum;aal;Fische;Tiere
delfin;goldfisch;hai;safe;hai;lkw;schaufel;paprika;baby;tafel;streichholz;paprika;mikrofon;streichholz;glas;flasche;marienkäfer;fliege;arztkittel;säge;mülleimer;ampel;paprika;axt;rose;mülleimer;kamel;cd;kuh;löwenzahn;rochen;Fische;Tiere
bus;auto;bus;motorrad;motorrad;aal;sakko;pelzmantel;sense;kartoffel;säge;kapuzenpulli;spinne;spinne;birne;apfel;glas;tasse;sense;sakko;streichholz;arztkittel;sakko;kapuzenpulli;mülleimer;pferd;harfe;kamel;pinsel;klavier;goldfisch;Fische;Tiere
safe;kopfhörer;mikrofon;delfin;kassette;luftballon;kartoffel;schaufel;parfum;sakko;schwert;waage;banane;kanne;ameise;marienkäfer;banane;kopfhörer;lippenstift;kartoffel;axt;kartoffel;mülleimer;kartoffel;harfe;rose;sonnenblume;harfe;klavier;kopfkissen;delfin;Fische;Tiere
kassette;kleiderschrank;regal;regal;aal;schublade;besen;käfig;pelzmantel;cd;cd;säge;schwamm;apfel;becher;fenster;ameise;spinne;kapuzenpulli;sense;gurke;axt;gurke;ball;kamel;harfe;lippenstift;badewanne;tulpe;briefkasten;auto;Strasse;Fortbewegungsmittel
goldfisch;lkw;kutsche;kutsche;schublade;rochen;steckdose;daunenweste;fächer;karotte;besen;daunenweste;biene;ball;banane;kirsche;becher;birne;säge;ampel;fenster;kapuzenpulli;arztkittel;sakko;sonnenblume;kuh;schlagzeug;schaf;badewanne;rose;bus;Strasse;Fortbewegungsmittel
waage;schwamm;aal;hai;auto;motorrad;kapuzenpulli;säge;schaufel;sense;brille;streichholz;apfel;marienkäfer;spinne;fliege;mülleimer;briefmarke;paprika;parfum;pelzmantel;karotte;besen;säge;waage;tulpe;schaf;sonnenblume;harfe;pferd;lkw;Strasse;Fortbewegungsmittel
fernglas;schachtel;safe;kleiderschrank;goldfisch;baby;säge;ball;arztkittel;pfeife;gurke;brokkoli;flasche;banane;tasse;kanne;spinne;marienkäfer;daunenweste;schaufel;brokkoli;schaufel;brokkoli;mikrofon;gitarre;gitarre;glocke;ventilator;pferd;würfel;motorrad;Strasse;Fortbewegungsmittel
kutsche;mülleimer;pinsel;auto;schachtel;goldfisch;karotte;ventilator;gurke;kapuzenpulli;axt;sense;fliege;glas;ventilator;birne;birne;apfel;axt;brokkoli;säge;mülleimer;spaghetti;daunenweste;kamera;schlüssel;gitarre;reh;baby;schlagzeug;kutsche;Strasse;Fortbewegungsmittel
rochen;delfin;motorrad;kerze;lkw;safe;kamera;kartoffel;briefkasten;schaufel;daunenweste;briefmarke;schlüssel;fliege;mülleimer;ameise;brille;puppe;kassette;pfeife;arztkittel;paprika;lippenstift;sense;streichholz;tafel;reh;löwenzahn;geige;kamel;schublade;Aufbewahrung;Möbel
streichholz;bus;kleiderschrank;schublade;rochen;auto;axt;besen;daunenweste;schlüssel;karotte;kartoffel;glas;badewanne;kirsche;zigarette;biene;ameise;pelzmantel;pelzmantel;karotte;fernglas;sense;brokkoli;löwenzahn;geige;briefkasten;parfum;kamel;orchidee;regal;Aufbewahrung;Möbel
auto;lippenstift;delfin;würfel;schornstein;fächer;daunenweste;sakko;paprika;brokkoli;fernglas;pelzmantel;marienkäfer;kirsche;kanne;banane;tasse;becher;kartoffel;besen;würfel;säge;pelzmantel;pelzmantel;klavier;sonnenblume;klavier;lippenstift;rose;geige;kleiderschrank;Aufbewahrung;Möbel
kleiderschrank;hai;lkw;pinsel;bus;kleiderschrank;brokkoli;karotte;axt;säge;sakko;steckdose;baby;ameise;marienkäfer;becher;kopfkissen;würfel;schwert;paprika;schaufel;pelzmantel;kartoffel;besen;reh;kamel;löwenzahn;geige;schlagzeug;zigarette;safe;Aufbewahrung;Möbel
aal;kutsche;schublade;schachtel;delfin;bus;sense;fernglas;badewanne;würfel;paprika;besen;kanne;ampel;apfel;kerze;trauben;trauben;sakko;arztkittel;paprika;streichholz;schaufel;tafel;orchidee;klavier;pferd;tulpe;schaf;schaf;schachtel;Aufbewahrung;Möbel
lkw;schublade;rochen;goldfisch;briefkasten;delfin;tafel;kapuzenpulli;karotte;pelzmantel;sense;sakko;kamera;würfel;flasche;biene;fliege;flasche;brokkoli;kopfhörer;lippenstift;brokkoli;daunenweste;karotte;schlagzeug;löwenzahn;geige;kuh;sonnenblume;tulpe;sakko;Jacken;Kleidung
regal;aal;streichholz;bus;regal;schachtel;kopfkissen;gurke;besen;paprika;pelzmantel;karotte;kirsche;flasche;fliege;tasse;flasche;biene;schaufel;karotte;daunenweste;daunenweste;karotte;schaufel;schaf;schaf;orchidee;gitarre;gitarre;harfe;pelzmantel;Jacken;Kleidung
hai;motorrad;schachtel;luftballon;kutsche;kutsche;arztkittel;axt;kapuzenpulli;axt;kartoffel;axt;becher;biene;trauben;schwert;kirsche;kirsche;pinsel;kapuzenpulli;kartoffel;pfeife;ball;schornstein;tulpe;kassette;kuh;rose;reh;kuh;kapuzenpulli;Jacken;Kleidung
motorrad;safe;goldfisch;aal;spaghetti;hai;gurke;arztkittel;kartoffel;arztkittel;schaufel;arztkittel;ameise;trauben;luftballon;ventilator;fächer;zigarette;karotte;axt;sense;gurke;axt;käfig;fenster;orchidee;cd;pferd;streichholz;sonnenblume;arztkittel;Jacken;Kleidung
schublade;rochen;ampel;fenster;kleiderschrank;streichholz;streichholz;brokkoli;säge;gurke;kapuzenpulli;gurke;trauben;becher;biene;glas;kanne;glas;besen;gurke;kapuzenpulli;besen;kapuzenpulli;paprika;kuh;schlagzeug;rose;schlagzeug;orchidee;gitarre;daunenweste;Jacken;Kleidung
säge;kartoffel;tafel;sakko;parfum;schaufel;geige;löwenzahn;schaf;gitarre;reh;geige;brokkoli;kassette;paprika;arztkittel;gurke;pelzmantel;aal;safe;aal;aal;bus;schublade;eis;ohr;fuss;eis;hammer;zange;kartoffel;Gemüse;Lebensmittel
karotte;sense;kerze;axt;brokkoli;kapuzenpulli;mülleimer;pfeife;rose;luftballon;tulpe;kuh;kapuzenpulli;pelzmantel;pelzmantel;paprika;arztkittel;besen;luftballon;steckdose;kutsche;bus;regal;hai;zange;eis;zange;glocke;fächer;bonbon;paprika;Gemüse;Lebensmittel
daunenweste;daunenweste;schaufel;paprika;mülleimer;brokkoli;orchidee;schaf;klavier;mülleimer;kerze;cd;kassette;gurke;säge;schaufel;cd;tafel;kleiderschrank;rochen;tafel;baby;käfig;cd;cd;bohrmaschine;teppich;ohr;bonbon;cd;gurke;Gemüse;Lebensmittel
glocke;brokkoli;kartoffel;kapuzenpulli;briefmarke;sense;kuh;geige;pferd;löwenzahn;harfe;schlagzeug;schaufel;säge;kartoffel;käfig;karotte;brokkoli;goldfisch;schublade;delfin;schachtel;motorrad;bus;kuchen;briefkasten;eis;feile;feile;arm;brokkoli;Gemüse;Lebensmittel
brokkoli;schaufel;pelzmantel;sense;karotte;tafel;gitarre;bürste;kerze;geige;orchidee;orchidee;pfeife;käfig;parfum;briefmarke;säge;käfig;auto;motorrad;bus;kutsche;kleiderschrank;aal;bein;fuss;feile;kekse;arm;bohrmaschine;karotte;Gemüse;Lebensmittel
pelzmantel;sakko;kamera;gurke;pelzmantel;karotte;löwenzahn;schwert;gitarre;kuh;mülleimer;schwamm;paprika;brokkoli;axt;gurke;pelzmantel;arztkittel;schachtel;baby;schachtel;würfel;fenster;kleiderschrank;schraubenzieher;feile;bein;hand;eis;kekse;sense;Baürnhof;Werkzeug
schaufel;pfeife;gurke;arztkittel;säge;daunenweste;pferd;sonnenblume;pfeife;rose;schlagzeug;lippenstift;säge;kapuzenpulli;karotte;schwamm;kartoffel;kartoffel;mülleimer;delfin;goldfisch;schublade;rochen;kutsche;käfig;pfeife;kuchen;bohrmaschine;zange;hand;axt;Baürnhof;Werkzeug
gurke;karotte;daunenweste;schaufel;zigarette;schlüssel;harfe;klavier;orchidee;klavier;kamel;tulpe;arztkittel;mikrofon;daunenweste;puppe;besen;axt;motorrad;lkw;motorrad;motorrad;schublade;delfin;ohr;kekse;schraubenzieher;schokolade;fuss;schraubenzieher;schaufel;Baürnhof;Werkzeug
käfig;pelzmantel;waage;kartoffel;tafel;gurke;tulpe;pferd;kuh;reh;ventilator;schaf;gurke;besen;teppich;kapuzenpulli;schornstein;schlüssel;regal;regal;regal;rochen;pfeife;zigarette;feile;arm;arm;fuss;kekse;kuchen;besen;Baürnhof;Werkzeug
besen;schornstein;brokkoli;kamera;axt;sakko;kamel;briefkasten;puppe;orchidee;sonnenblume;bürste;besen;pinsel;sense;sense;sakko;karotte;delfin;ball;briefkasten;safe;goldfisch;motorrad;mikrofon;schraubenzieher;bonbon;hammer;pfeife;schwert;säge;Baürnhof;Werkzeug
kartoffel;säge;besen;briefmarke;sakko;cd;ampel;harfe;tulpe;schwamm;schaf;harfe;daunenweste;sakko;arztkittel;brille;sense;sakko;bus;goldfisch;lkw;cd;schachtel;regal;arm;bonbon;bohrmaschine;mikrofon;cd;feile;pferd;Huftiere;Tiere
kapuzenpulli;käfig;arztkittel;säge;gurke;besen;sonnenblume;reh;harfe;fächer;geige;kamel;briefkasten;karotte;gurke;brokkoli;kopfhörer;teppich;safe;schachtel;rochen;fächer;waage;puppe;kassette;hand;schwert;kuchen;schokolade;fuss;kuh;Huftiere;Tiere
kerze;gurke;karotte;karotte;besen;paprika;schlüssel;tulpe;kamel;pferd;rose;mikrofon;sense;axt;besen;axt;paprika;gurke;zigarette;brille;safe;delfin;lkw;lkw;kekse;ventilator;schornstein;fenster;schraubenzieher;lippenstift;reh;Huftiere;Tiere
paprika;besen;säge;fächer;kapuzenpulli;kopfhörer;klavier;gitarre;sonnenblume;tulpe;spaghetti;rose;briefmarke;arztkittel;spaghetti;sakko;schaufel;schaufel;kutsche;kutsche;briefmarke;lkw;aal;baby;hammer;ball;kekse;zange;hand;hammer;schaf;Huftiere;Tiere
sense;arztkittel;kapuzenpulli;steckdose;kartoffel;pelzmantel;kassette;tafel;geige;schlagzeug;klavier;pferd;kartoffel;kartoffel;brokkoli;kartoffel;pinsel;kapuzenpulli;rochen;kleiderschrank;hai;regal;fächer;schachtel;fuss;bein;ohr;arm;mikrofon;ohr;kamel;Huftiere;Tiere
sakko;parfum;paprika;daunenweste;schaufel;axt;pfeife;rose;fenster;schaf;kuh;klavier;pelzmantel;sense;sakko;besen;daunenweste;ball;würfel;hai;schublade;hai;auto;auto;schokolade;kuchen;luftballon;brille;kuchen;fenster;gitarre;Instrumente;Misc I
pinsel;axt;sense;brokkoli;daunenweste;kartoffel;schaf;kuh;reh;sonnenblume;löwenzahn;löwenzahn;axt;pfeife;schaufel;pelzmantel;brokkoli;sense;lkw;bus;auto;auto;delfin;goldfisch;bohrmaschine;hammer;hammer;bonbon;ohr;eis;klavier;Instrumente;Misc I
axt;paprika;kopfkissen;besen;paprika;arztkittel;schlagzeug;schlagzeug;schlagzeug;harfe;gitarre;reh;karotte;daunenweste;kerze;karotte;axt;daunenweste;schublade;spaghetti;schwamm;käfig;safe;luftballon;hand;kamera;hand;bein;bohrmaschine;bein;schlagzeug;Instrumente;Misc I
arztkittel;kapuzenpulli;sakko;pelzmantel;sense;säge;rose;orchidee;luftballon;kamel;pferd;gitarre;sakko;schaufel;kapuzenpulli;säge;kapuzenpulli;paprika;tafel;aal;kopfkissen;goldfisch;kutsche;safe;zigarette;schokolade;mülleimer;schraubenzieher;ventilator;pfeife;geige;Instrumente;Misc I
pfeife;waage;axt;mülleimer;arztkittel;fernglas;reh;kamel;löwenzahn;teppich;ampel;sonnenblume;teppich;paprika;briefkasten;daunenweste;kamera;säge;hai;auto;kleiderschrank;kleiderschrank;hai;rochen;bonbon;zange;schokolade;schwert;bein;schokolade;harfe;Instrumente;Misc I
reh;tulpe;tulpe;kuh;schlagzeug;rose;würfel;löffel;schneebesen;spaghetti;baby;löwe;ventilator;stuhl;stuhl;steckdose;kirche;schloss;ventilator;ohr;baby;arm;briefkasten;bürste;sessel;hochhaus;mikrofon;sessel;burg;schloss;rose;Blumen;Misc II
zigarette;pferd;fenster;streichholz;schwamm;badewanne;kette;spaghetti;panther;ohrring;löwe;messer;kopfhörer;parfum;schwan;burg;ball;couch;arm;kekse;schraubenzieher;schokolade;schraubenzieher;bonbon;kopfkissen;hocker;ampel;kirche;luftballon;eule;löwenzahn;Blumen;Misc II
bürste;harfe;bürste;schlagzeug;tulpe;pferd;messer;armband;mikrofon;messer;kette;ohrring;strauss;ente;fächer;strauss;briefkasten;glocke;kamera;feile;schokolade;schraubenzieher;eis;hand;taube;taube;hocker;schornstein;taube;bank;sonnenblume;Blumen;Misc II
kamel;schwert;reh;lippenstift;schaf;orchidee;leopard;löwe;kelle;bär;pfeife;schornstein;couch;luftballon;briefmarke;bank;hocker;streichholz;bonbon;bein;bein;kopfkissen;bein;briefkasten;stuhl;tempel;ente;hocker;hochhaus;hochhaus;orchidee;Blumen;Misc II
rose;kamel;orchidee;kopfhörer;ampel;geige;armband;gabel;löwe;kette;panther;tiger;fächer;ventilator;tempel;hochhaus;ente;sessel;zange;schokolade;bohrmaschine;bonbon;bohrmaschine;kuchen;puppe;stuhl;burg;hochhaus;couch;schwan;tulpe;Blumen;Misc II
gitarre;klavier;schlüssel;reh;würfel;kamel;kelle;kette;ohrring;löffel;parfum;kette;burg;kirche;streichholz;ente;lippenstift;kirche;badewanne;hammer;kuchen;hammer;schokolade;feile;hochhaus;schwan;stuhl;strauss;strauss;stuhl;schere;Büro;Werkzeug
pferd;löwenzahn;geige;ampel;pferd;löwenzahn;mikrofon;bär;messer;panther;gabel;schwert;hocker;strauss;ente;stuhl;burg;pfeife;eis;fuss;kopfhörer;bein;fuss;ohr;glocke;kirche;strauss;bank;ball;kirche;bleistift;Büro;Werkzeug
sonnenblume;kerze;kamel;rose;geige;klavier;ring;schneebesen;tiger;ring;ohrring;kelle;eule;briefkasten;hocker;tempel;strauss;eule;feile;bonbon;fuss;kuchen;feile;kekse;eule;spaghetti;schloss;burg;sessel;luftballon;klammer;Büro;Werkzeug
geige;geige;briefkasten;klavier;pfeife;kuh;löffel;ring;brosche;schneebesen;zigarette;armband;tempel;bank;kirche;schwan;parfum;luftballon;teppich;zange;käfig;zange;bonbon;schraubenzieher;spaghetti;schwamm;briefmarke;schwan;schwan;hocker;lineal;Büro;Werkzeug
schwert;rose;parfum;kamel;rose;tulpe;bär;fenster;würfel;badewanne;löffel;leopard;sessel;schwan;eule;parfum;sessel;burg;kekse;arm;kekse;kerze;ampel;kerze;würfel;burg;couch;couch;kirche;briefmarke;radiergummi;Büro;Werkzeug
kuh;schaf;gitarre;orchidee;harfe;mülleimer;brosche;kassette;bär;armband;brosche;kopfhörer;spaghetti;burg;ball;kirche;schloss;ente;fuss;glocke;feile;ohr;arm;fuss;schloss;parfum;baby;schloss;teppich;strauss;u-boot;Wasser;Fortbewegungsmittel
ampel;mikrofon;pferd;harfe;kuh;schlagzeug;schneebesen;kelle;kopfhörer;leopard;leopard;ring;ente;sessel;couch;couch;taube;hocker;bohrmaschine;kuchen;ampel;feile;badewanne;zange;bank;ente;tempel;würfel;ente;couch;gondel;Wasser;Fortbewegungsmittel
harfe;schlagzeug;löwenzahn;mikrofon;sonnenblume;reh;tiger;brosche;armband;gabel;schneebesen;schneebesen;bank;bürste;schloss;taube;stuhl;tempel;kuchen;bohrmaschine;ohr;waage;kuchen;ventilator;strauss;couch;schwan;eule;hocker;mülleimer;segelschiff;Wasser;Fortbewegungsmittel
tulpe;bürste;harfe;löwenzahn;ball;briefkasten;pinsel;panther;leopard;parfum;armband;bär;kirche;schloss;schwert;kopfkissen;hochhaus;schwan;bein;zigarette;zange;eis;hand;schokolade;burg;puppe;bank;tempel;zigarette;ente;kanu;Wasser;Fortbewegungsmittel
puppe;kuh;kuh;geige;gitarre;gitarre;schornstein;würfel;löffel;löwe;käfig;brosche;schwan;taube;strauss;sessel;mikrofon;stuhl;kopfhörer;eis;eis;bohrmaschine;hammer;bohrmaschine;couch;eule;hochhaus;baby;mülleimer;fernglas;yacht;Wasser;Fortbewegungsmittel
schlagzeug;sonnenblume;rose;schaf;reh;spaghetti;panther;ohrring;kette;kelle;tiger;löffel;stuhl;couch;bank;schloss;bank;schwamm;hammer;hand;hand;pinsel;pinsel;arm;schwan;sessel;badewanne;ente;stuhl;tempel;kühlschrank;Küche;Möbel
löwenzahn;gitarre;klavier;tulpe;löwenzahn;sonnenblume;ohrring;leopard;zigarette;kerze;kelle;glocke;hochhaus;hochhaus;hochhaus;kopfhörer;eule;strauss;ohr;lippenstift;schwert;fuss;ohr;parfum;tempel;schloss;eule;stuhl;tempel;taube;herd;Küche;Möbel
schaf;reh;schaf;gitarre;klavier;harfe;fenster;messer;gabel;tiger;ring;panther;taube;eule;taube;hocker;tempel;hochhaus;schokolade;mikrofon;bonbon;luftballon;zange;eis;hocker;strauss;kirche;briefkasten;eule;bürste;mikrowelle;Küche;Möbel
klavier;orchidee;sonnenblume;pferd;kamel;kerze;löwe;cd;ring;brosche;bär;gabel;badewanne;hocker;sessel;kassette;couch;bank;schraubenzieher;schraubenzieher;arm;kekse;schwamm;bein;ente;bank;sessel;taube;bank;burg;kaffeemaschine;Küche;Möbel
orchidee;luftballon;schlagzeug;sonnenblume;orchidee;schaf;gabel;tiger;cd;steckdose;messer;schlüssel;schloss;tempel;burg;eule;schwan;taube;hand;streichholz;hammer;hand;kekse;hammer;kirche;zigarette;taube;kerze;schloss;sessel;geschirrspüler;Küche;Möbel
mikrowelle;kanu;glocke;puppe;kopfhörer;gondel;auto;kopfkissen;auto;kutsche;lkw;lkw;panther;leopard;zigarette;ring;leopard;fernglas;trauben;briefmarke;ball;marienkäfer;flasche;ameise;karotte;kopfkissen;besen;brokkoli;sakko;sense;fliege;Insekten;Tiere
segelschiff;fächer;geschirrspüler;schere;herd;mikrowelle;regal;safe;schublade;streichholz;regal;goldfisch;kelle;ring;brosche;löwe;luftballon;tiger;tasse;badewanne;becher;tasse;fliege;birne;lippenstift;paprika;fernglas;kassette;brokkoli;kartoffel;biene;Insekten;Tiere
mikrofon;herd;pfeife;kaffeemaschine;teppich;klammer;brille;puppe;aal;briefkasten;rochen;teppich;ohrring;gabel;leopard;glocke;messer;ohrring;fächer;ameise;ameise;lippenstift;birne;mülleimer;schaufel;fenster;paprika;schaufel;tafel;arztkittel;spinne;Insekten;Tiere
bleistift;u-boot;schere;kanu;lineal;u-boot;kutsche;kutsche;lkw;goldfisch;motorrad;regal;glocke;panther;schneebesen;kette;tiger;baby;ameise;glas;birne;fliege;kopfhörer;fliege;luftballon;kopfhörer;arztkittel;paprika;sense;waage;marienkäfer;Insekten;Tiere
u-boot;bleistift;kühlschrank;tafel;mikrowelle;schornstein;waage;kamera;schachtel;kleiderschrank;schachtel;delfin;bär;teppich;ohrring;messer;ohrring;löwe;glas;kopfkissen;kanne;banane;kanne;kirsche;sakko;sakko;säge;käfig;schornstein;axt;ameise;Insekten;Tiere
brille;kühlschrank;gondel;lineal;kanu;geschirrspüler;hai;luftballon;schwamm;auto;aal;bus;armband;schneebesen;panther;badewanne;gabel;kelle;baby;banane;spinne;glas;trauben;tasse;axt;kartoffel;gurke;kapuzenpulli;briefmarke;pelzmantel;apfel;Obst;Lebensmittel
radiergummi;gondel;bleistift;u-boot;schere;bleistift;lkw;hai;hai;hai;kutsche;pfeife;käfig;brosche;gabel;brosche;panther;ring;kirsche;marienkäfer;trauben;tafel;puppe;biene;kartoffel;besen;sakko;axt;pelzmantel;ampel;trauben;Obst;Lebensmittel
kanu;klammer;mikrowelle;kühlschrank;schlüssel;käfig;cd;kleiderschrank;kleiderschrank;schublade;lippenstift;aal;leopard;löwe;tafel;schneebesen;kette;bär;fliege;kamera;tasse;apfel;glas;trauben;kapuzenpulli;arztkittel;ball;bürste;schlüssel;karotte;birne;Obst;Lebensmittel
geschirrspüler;kaffeemaschine;yacht;schlüssel;segelschiff;herd;aal;auto;kutsche;motorrad;schwamm;safe;kette;messer;tiger;tiger;kelle;messer;streichholz;birne;fliege;becher;tafel;schlüssel;sense;badewanne;brokkoli;arztkittel;puppe;sakko;banane;Obst;Lebensmittel
schornstein;yacht;puppe;yacht;radiergummi;radiergummi;schachtel;delfin;goldfisch;aal;auto;kamera;messer;ohrring;messer;fächer;löwe;schwert;birne;kanne;kerze;puppe;apfel;marienkäfer;gurke;sense;kapuzenpulli;besen;besen;besen;kirsche;Obst;Lebensmittel
lineal;würfel;kaffeemaschine;geschirrspüler;geschirrspüler;kanu;bus;pinsel;regal;schwert;hai;hai;streichholz;bär;ampel;löffel;kerze;kette;marienkäfer;schlüssel;apfel;biene;spinne;kanne;pinsel;kapuzenpulli;brille;karotte;gurke;gurke;glas;Trinkgefässe;Misc II
kühlschrank;schere;badewanne;klammer;streichholz;kühlschrank;puppe;lkw;glocke;pinsel;safe;schublade;brosche;löffel;ring;panther;armband;löffel;becher;biene;biene;briefkasten;tasse;kopfkissen;arztkittel;karotte;sense;sakko;daunenweste;badewanne;flasche;Trinkgefässe;Misc II
baby;mikrowelle;kanu;segelschiff;yacht;puppe;delfin;schublade;kassette;delfin;teppich;motorrad;löffel;schwamm;löffel;briefkasten;schlüssel;briefkasten;banane;trauben;flasche;birne;kirsche;spinne;ball;schaufel;daunenweste;streichholz;axt;daunenweste;tasse;Trinkgefässe;Misc II
schere;steckdose;klammer;schornstein;kaffeemaschine;brille;schublade;aal;safe;safe;goldfisch;rochen;tiger;tafel;schlüssel;kelle;waage;panther;spinne;tasse;banane;spinne;biene;becher;besen;daunenweste;fenster;gurke;kartoffel;säge;becher;Trinkgefässe;Misc II
kaffeemaschine;segelschiff;ventilator;radiergummi;waage;lineal;fächer;bus;käfig;lkw;kleiderschrank;parfum;kerze;kelle;kopfkissen;leopard;ring;brosche;flasche;spinne;schornstein;flasche;teppich;apfel;pelzmantel;brokkoli;kartoffel;säge;kapuzenpulli;glocke;kanne;Trinkgefässe;Misc II
gondel;radiergummi;u-boot;mikrowelle;u-boot;yacht;rochen;regal;delfin;rochen;kamera;kutsche;gabel;glocke;löwe;armband;löffel;gabel;apfel;apfel;kassette;trauben;becher;streichholz;paprika;axt;waage;daunenweste;schaufel;mikrofon;eis;Süssigkeiten;Lebensmittel
briefmarke;briefkasten;radiergummi;ball;bleistift;kaffeemaschine;safe;rochen;bus;regal;delfin;schachtel;löwe;kette;kette;würfel;bär;kopfkissen;ampel;becher;kirsche;ameise;marienkäfer;flasche;baby;pelzmantel;axt;kartoffel;karotte;brokkoli;kuchen;Süssigkeiten;Lebensmittel
herd;geschirrspüler;herd;bleistift;kühlschrank;schere;motorrad;motorrad;ampel;bus;schublade;würfel;ring;tiger;kelle;bär;brosche;armband;biene;fliege;marienkäfer;kanne;schwert;lippenstift;säge;kerze;karotte;sense;arztkittel;schaufel;schokolade;Süssigkeiten;Lebensmittel
yacht;lineal;segelschiff;herd;gondel;segelschiff;goldfisch;schachtel;rochen;fernglas;bus;auto;schneebesen;brille;bär;gabel;badewanne;schneebesen;kanne;kirsche;glas;kirsche;banane;banane;brokkoli;gurke;pelzmantel;pelzmantel;säge;kapuzenpulli;kekse;Süssigkeiten;Lebensmittel
klammer;briefmarke;lineal;gondel;klammer;pfeife;kleiderschrank;goldfisch;motorrad;schachtel;badewanne;kleiderschrank;luftballon;armband;armband;ohrring;schneebesen;leopard;käfig;flasche;kamera;fenster;ameise;glas;daunenweste;säge;schaufel;kamera;paprika;paprika;bonbon;Süssigkeiten;Lebensmittel
becher;fernglas;kanne;briefkasten;biene;becher;schere;kühlschrank;kanu;kanu;kanu;yacht;kutsche;goldfisch;rochen;delfin;motorrad;motorrad;kühlschrank;lineal;u-boot;zigarette;steckdose;klammer;delfin;fächer;schwamm;schublade;kutsche;kutsche;hammer;Heimwerker;Werkzeug
ameise;birne;ball;flasche;banane;spinne;kaffeemaschine;bleistift;radiergummi;waage;klammer;bleistift;safe;motorrad;kleiderschrank;kutsche;schwamm;hai;gondel;herd;radiergummi;kanu;parfum;kaffeemaschine;briefkasten;aal;kutsche;waage;schwamm;regal;schraubenzieher;Heimwerker;Werkzeug
tafel;biene;ameise;ameise;schwert;kirsche;gondel;schwamm;streichholz;mikrowelle;schlüssel;ventilator;hai;schachtel;auto;regal;kleiderschrank;schachtel;lineal;fernglas;schlüssel;schlüssel;mikrowelle;segelschiff;schwert;regal;fächer;luftballon;regal;goldfisch;bohrmaschine;Heimwerker;Werkzeug
apfel;kassette;banane;birne;spinne;würfel;bleistift;herd;segelschiff;zigarette;geschirrspüler;fächer;bus;rochen;delfin;goldfisch;kutsche;ventilator;kaffeemaschine;klammer;kanu;kühlschrank;kassette;ampel;schublade;auto;kleiderschrank;lkw;rochen;auto;feile;Heimwerker;Werkzeug
fliege;becher;flasche;glas;bürste;briefmarke;herd;schere;schere;gondel;bleistift;geschirrspüler;kleiderschrank;bus;schublade;ball;baby;auto;kanu;geschirrspüler;klammer;schere;gondel;mikrowelle;teppich;rochen;bus;spaghetti;bus;kleiderschrank;zange;Heimwerker;Werkzeug
teppich;fliege;biene;bürste;apfel;birne;spaghetti;segelschiff;kühlschrank;geschirrspüler;u-boot;zigarette;goldfisch;schlüssel;mikrofon;kleiderschrank;delfin;safe;klammer;bürste;steckdose;mikrofon;lineal;radiergummi;fernglas;safe;hai;aal;schachtel;rochen;hand;Körperteile;Misc I
birne;kopfkissen;apfel;apfel;ameise;kanne;kopfhörer;geschirrspüler;u-boot;klammer;kühlschrank;radiergummi;tafel;hai;kutsche;auto;auto;rochen;spaghetti;segelschiff;mikrowelle;gondel;kühlschrank;yacht;auto;luftballon;regal;auto;delfin;lkw;arm;Körperteile;Misc I
tasse;tasse;zigarette;fliege;tasse;schwamm;u-boot;steckdose;lineal;u-boot;briefmarke;mikrowelle;schachtel;schublade;aal;rochen;regal;kutsche;segelschiff;kühlschrank;lineal;radiergummi;yacht;geschirrspüler;hai;hai;parfum;tafel;auto;tafel;bein;Körperteile;Misc I
spinne;ameise;spinne;kanne;kirsche;banane;geschirrspüler;u-boot;kaffeemaschine;herd;gondel;spaghetti;aal;cd;fernglas;schublade;hai;regal;radiergummi;ventilator;segelschiff;schornstein;klammer;pfeife;pfeife;schachtel;rochen;delfin;safe;delfin;fuss;Körperteile;Misc I
trauben;trauben;kirsche;trauben;kamera;flasche;lineal;kaffeemaschine;yacht;lineal;kaffeemaschine;gondel;lkw;kutsche;motorrad;kamera;fenster;delfin;geschirrspüler;gondel;geschirrspüler;teppich;fernglas;kanu;safe;motorrad;schublade;kleiderschrank;aal;bus;ohr;Körperteile;Misc I
kopfhörer;flasche;steckdose;cd;glas;biene;yacht;mikrofon;waage;briefmarke;lineal;herd;mülleimer;safe;hai;aal;bus;waage;u-boot;kaffeemaschine;pinsel;herd;u-boot;würfel;motorrad;pinsel;pfeife;motorrad;bürste;safe;schwan;Vögel;Tiere
luftballon;spinne;glas;biene;fliege;apfel;mikrowelle;gondel;steckdose;ball;puppe;lineal;regal;lippenstift;schwamm;motorrad;goldfisch;schublade;schere;mülleimer;spaghetti;u-boot;schere;badewanne;rochen;kleiderschrank;delfin;hai;steckdose;hai;ente;Vögel;Tiere
marienkäfer;apfel;fliege;banane;baby;waage;fernglas;radiergummi;herd;bleistift;yacht;segelschiff;delfin;auto;schachtel;mikrofon;safe;aal;parfum;bleistift;kühlschrank;lineal;kaffeemaschine;u-boot;schachtel;kutsche;safe;schachtel;goldfisch;motorrad;taube;Vögel;Tiere
kanne;kanne;brille;baby;flasche;marienkäfer;kanu;mikrowelle;kopfkissen;kaffeemaschine;mikrowelle;kaffeemaschine;motorrad;aal;goldfisch;streichholz;tafel;fächer;ball;yacht;gondel;mikrowelle;kanu;schere;lkw;cd;motorrad;kutsche;lkw;schachtel;eule;Vögel;Tiere
banane;marienkäfer;tasse;becher;marienkäfer;glas;klammer;yacht;bleistift;yacht;radiergummi;klammer;schornstein;regal;badewanne;lkw;lkw;bus;herd;mikrowelle;teppich;segelschiff;radiergummi;herd;aal;schublade;goldfisch;rochen;schublade;streichholz;strauss;Vögel;Tiere
fächer;banane;schornstein;spinne;trauben;trauben;briefkasten;lineal;mikrowelle;radiergummi;waage;u-boot;rochen;lkw;safe;hai;aal;kleiderschrank;fenster;radiergummi;herd;bleistift;herd;gondel;regal;lkw;zigarette;schwamm;fernglas;aal;bank;Sitzen;Möbel
flasche;ball;trauben;kirsche;becher;ameise;segelschiff;glocke;gondel;kühlschrank;herd;kerze;schublade;kamera;bus;schachtel;schachtel;goldfisch;yacht;kanu;schere;kaffeemaschine;segelschiff;bleistift;kutsche;goldfisch;auto;safe;motorrad;ball;stuhl;Sitzen;Möbel
kirsche;glas;becher;tasse;mikrofon;tasse;kühlschrank;kanu;klammer;segelschiff;schere;schere;auto;kleiderschrank;kassette;bus;schwert;lkw;cd;kerze;yacht;yacht;kerze;kühlschrank;goldfisch;schwert;aal;goldfisch;kleiderschrank;schlüssel;couch;Sitzen;Möbel
biene;kirsche;marienkäfer;marienkäfer;birne;bürste;badewanne;teppich;geschirrspüler;schere;tafel;kanu;cd;delfin;regal;tafel;rochen;badewanne;bleistift;schere;kaffeemaschine;klammer;geschirrspüler;steckdose;kleiderschrank;bus;schachtel;bus;hai;schublade;sessel;Sitzen;Möbel
glas;badewanne;birne;kopfkissen;kanne;fliege;radiergummi;klammer;tafel;lippenstift;segelschiff;kühlschrank;puppe;fenster;lkw;safe;schublade;kamera;mikrowelle;u-boot;bleistift;geschirrspüler;bleistift;lineal;bus;delfin;lkw;regal;kopfhörer;teppich;hocker;Sitzen;Möbel
schokolade;bohrmaschine;baby;hand;eis;hand;zigarette;tasse;ventilator;spinne;glas;apfel;bein;bohrmaschine;bein;pfeife;bein;parfum;kamel;pferd;kuh;schlagzeug;klavier;fernglas;schere;mikrowelle;mikrowelle;schere;herd;kaffeemaschine;kirche;Gebäude;Misc II
feile;schlüssel;schraubenzieher;schraubenzieher;arm;kekse;flasche;banane;trauben;tasse;birne;spinne;schokolade;kuchen;zange;zange;kuchen;ampel;tulpe;rose;klavier;kassette;kamel;gitarre;kaffeemaschine;bleistift;schere;segelschiff;schere;radiergummi;schloss;Gebäude;Misc II
ohr;bonbon;bonbon;brille;lippenstift;hammer;birne;kerze;ameise;kirsche;kopfhörer;luftballon;hammer;bein;kekse;ohr;fernglas;ohr;gitarre;teppich;sonnenblume;schaf;schlüssel;kamel;yacht;gondel;kamera;kaffeemaschine;briefkasten;kopfhörer;burg;Gebäude;Misc II
kekse;glocke;bein;arm;bonbon;bein;parfum;flasche;schlüssel;biene;tasse;banane;steckdose;fächer;ohr;eis;zange;hammer;pfeife;geige;reh;gitarre;löwenzahn;sonnenblume;radiergummi;geschirrspüler;kühlschrank;radiergummi;u-boot;segelschiff;tempel;Gebäude;Misc II
zange;schraubenzieher;luftballon;hammer;feile;eis;schwert;kirsche;briefmarke;flasche;fliege;becher;kekse;bonbon;hammer;feile;eis;pinsel;orchidee;kamel;bürste;kopfhörer;gitarre;harfe;herd;klammer;bleistift;yacht;klammer;herd;hochhaus;Gebäude;Misc II
arm;fuss;zange;bonbon;brille;parfum;banane;fächer;kanne;banane;kirsche;biene;zange;ohr;bonbon;hand;ohr;kekse;brille;orchidee;puppe;reh;brille;reh;fächer;u-boot;kerze;herd;geschirrspüler;schere;tiger;Raubtiere;Tiere
bonbon;streichholz;ohr;waage;schokolade;kamera;marienkäfer;biene;banane;marienkäfer;steckdose;kirsche;bürste;baby;fuss;kekse;schraubenzieher;bohrmaschine;pferd;schlagzeug;pferd;tulpe;kuh;löwenzahn;bleistift;kühlschrank;segelschiff;klammer;yacht;gondel;bär;Raubtiere;Tiere
hammer;kuchen;kekse;feile;fächer;zange;käfig;kanne;marienkäfer;becher;biene;glas;ohr;schokolade;bohrmaschine;waage;käfig;arm;rose;schaf;orchidee;spaghetti;geige;geige;schlüssel;lippenstift;radiergummi;kanu;radiergummi;mikrowelle;löwe;Raubtiere;Tiere
lippenstift;hand;bohrmaschine;eis;hand;fenster;kanne;birne;tasse;trauben;banane;puppe;bohrmaschine;hammer;schokolade;schraubenzieher;schokolade;kuchen;schlüssel;cd;fächer;kuh;würfel;schaf;geschirrspüler;kanu;herd;mikrowelle;kamera;lineal;panther;Raubtiere;Tiere
bein;hammer;hand;ohr;hammer;fuss;fliege;marienkäfer;birne;bürste;briefkasten;trauben;bonbon;arm;waage;bonbon;feile;kassette;harfe;harfe;schlagzeug;sonnenblume;sonnenblume;kopfhörer;segelschiff;kaffeemaschine;gondel;bleistift;kanu;kanu;leopard;Raubtiere;Tiere
bohrmaschine;kekse;kopfhörer;fernglas;badewanne;feile;glocke;kopfhörer;fliege;kopfkissen;spinne;tasse;hand;kopfkissen;schraubenzieher;ampel;ventilator;zange;sonnenblume;käfig;löwenzahn;harfe;schlagzeug;brille;ampel;steckdose;klammer;pfeife;bleistift;geschirrspüler;ring;Schmuck;Kleidung
schlüssel;arm;schokolade;käfig;fuss;pinsel;apfel;apfel;flasche;apfel;kassette;käfig;lippenstift;schraubenzieher;hand;arm;hand;eis;kuh;tulpe;schaf;kamel;schaf;kuh;lineal;segelschiff;schlüssel;kühlschrank;kaffeemaschine;steckdose;kette;Schmuck;Kleidung
hand;zigarette;fuss;schokolade;zange;ohr;biene;ameise;lippenstift;kanne;flasche;fliege;ampel;eis;baby;kuchen;hammer;hand;briefmarke;kuh;gitarre;badewanne;rose;tulpe;gondel;herd;yacht;gondel;segelschiff;u-boot;armband;Schmuck;Kleidung
schraubenzieher;ventilator;würfel;bein;ventilator;bonbon;becher;becher;spaghetti;kassette;ameise;brille;schraubenzieher;kerze;feile;hammer;ampel;feile;klavier;gitarre;cd;löwenzahn;harfe;teppich;ventilator;radiergummi;lineal;lineal;glocke;schwamm;ohrring;Schmuck;Kleidung
kuchen;feile;eis;zange;bein;schraubenzieher;kirsche;ampel;biene;ameise;apfel;kanne;fuss;zange;kopfhörer;bein;bonbon;schokolade;schaf;sonnenblume;rose;pferd;reh;schlagzeug;tafel;briefmarke;spaghetti;puppe;kühlschrank;klammer;brosche;Schmuck;Kleidung
briefkasten;ohr;feile;kekse;kuchen;kassette;spinne;spinne;becher;glas;kanne;marienkäfer;eis;fuss;eis;schokolade;arm;bein;löwenzahn;fenster;parfum;geige;tulpe;rose;u-boot;würfel;kaffeemaschine;briefmarke;würfel;kühlschrank;messer;Kochen;Werkzeug
cd;schokolade;arm;fuss;bohrmaschine;kuchen;glas;glas;apfel;fenster;pinsel;pinsel;feile;fernglas;arm;mülleimer;bohrmaschine;schraubenzieher;geige;klavier;harfe;orchidee;glocke;pferd;kühlschrank;schere;u-boot;geschirrspüler;lineal;ventilator;löffel;Kochen;Werkzeug
eis;zange;kuchen;bohrmaschine;ohr;arm;trauben;trauben;spinne;fliege;trauben;birne;arm;feile;puppe;bohrmaschine;kekse;bonbon;reh;löwenzahn;tulpe;ventilator;pferd;klavier;klammer;yacht;steckdose;steckdose;mikrowelle;bleistift;gabel;Kochen;Werkzeug
fuss;bein;hammer;kuchen;kekse;bohrmaschine;ameise;fliege;glas;birne;becher;ameise;kuchen;hand;kuchen;schornstein;fuss;fenster;steckdose;reh;kamel;klavier;orchidee;orchidee;kanu;baby;geschirrspüler;mülleimer;kerze;yacht;kelle;Kochen;Werkzeug
fenster;eis;lippenstift;spaghetti;schraubenzieher;schokolade;tasse;mülleimer;kirsche;baby;marienkäfer;flasche;brille;kekse;fenster;fuss;steckdose;fuss;schlagzeug;waage;geige;rose;streichholz;schwamm;mikrowelle;lineal;kanu;u-boot;gondel;käfig;schneebesen;Kochen;Werkzeug
couch;taube;schloss;schloss;couch;glocke;schokolade;eis;teppich;arm;schraubenzieher;hammer;geige;zigarette;steckdose;luftballon;schlagzeug;reh;löffel;luftballon;ventilator;löffel;messer;leopard;kerze;becher;birne;kanne;kirsche;marienkäfer;baby;Filler;Filler
eule;hochhaus;eule;stuhl;puppe;ente;bein;schornstein;zange;glocke;ohr;bein;waage;gitarre;löwenzahn;pferd;streichholz;orchidee;kette;ring;messer;ohrring;leopard;kette;brille;kirsche;würfel;schlüssel;biene;kirsche;waage;Filler;Filler
kopfkissen;spaghetti;stuhl;eule;eule;stuhl;bohrmaschine;bein;ohr;bohrmaschine;eis;schokolade;reh;rose;pfeife;schlagzeug;löwenzahn;gitarre;bär;schneebesen;luftballon;panther;armband;schneebesen;banane;spinne;marienkäfer;biene;becher;becher;zigarette;Filler;Filler
stuhl;schwan;teppich;burg;tempel;tempel;bürste;kuchen;kekse;ampel;hammer;kassette;gitarre;kamel;brille;löwenzahn;pferd;kamel;kelle;panther;panther;schneebesen;löffel;tiger;kanne;mikrofon;glas;tasse;banane;kamera;kopfhörer;Filler;Filler
schwan;kirche;strauss;bank;käfig;ampel;hand;schlüssel;hammer;bein;schornstein;hand;kopfkissen;klavier;geige;kuh;puppe;lippenstift;ring;brosche;kette;steckdose;tiger;ring;fliege;trauben;pinsel;trauben;marienkäfer;apfel;ball;Filler;Filler
hochhaus;couch;hochhaus;taube;pinsel;lippenstift;feile;hand;fuss;kamera;schokolade;kekse;fernglas;tulpe;rose;harfe;bürste;geige;leopard;kelle;gabel;armband;baby;kamera;schornstein;fliege;fliege;pinsel;tasse;spinne;tafel;Filler;Filler
badewanne;cd;schwert;kirche;ente;sessel;ball;bohrmaschine;schokolade;kuchen;arm;bohrmaschine;kamel;pferd;kuh;tulpe;geige;schaf;messer;bär;brille;bär;gabel;spaghetti;becher;waage;kanne;spinne;spaghetti;glas;ampel;Filler;Filler
strauss;tempel;taube;sessel;burg;taube;luftballon;schokolade;schraubenzieher;schraubenzieher;luftballon;arm;tulpe;harfe;harfe;bürste;rose;kerze;waage;kassette;brosche;gabel;löwe;brosche;marienkäfer;apfel;tafel;kirsche;ameise;banane;kerze;Filler;Filler
tempel;hocker;kirche;teppich;sessel;hochhaus;eis;fuss;hand;ohr;bonbon;kopfkissen;zigarette;steckdose;orchidee;reh;schaf;klavier;panther;gabel;leopard;kette;kopfkissen;messer;briefmarke;ameise;ameise;glas;flasche;puppe;puppe;Filler;Filler
sessel;eule;couch;schwamm;taube;mikrofon;kerze;brille;kamera;kekse;fenster;tafel;kuh;briefmarke;pferd;sonnenblume;harfe;kuh;schornstein;leopard;badewanne;tiger;kelle;fächer;birne;tasse;kirsche;marienkäfer;birne;fliege;kamera;Filler;Filler
taube;burg;ente;couch;schloss;strauss;zange;schraubenzieher;eis;mikrofon;hand;bonbon;orchidee;kuh;gitarre;geige;kassette;löwenzahn;gabel;puppe;armband;messer;ohrring;bär;bürste;birne;kassette;birne;fliege;birne;brille;Filler;Filler
mülleimer;bank;kassette;ventilator;hocker;hocker;kekse;arm;brille;hammer;ball;zange;schlagzeug;löwenzahn;glocke;schaf;kuh;brille;armband;fächer;tiger;ring;bürste;gabel;biene;fernglas;becher;ampel;kanne;kassette;glocke;Filler;Filler
kirche;ente;bank;schwan;schwan;burg;ventilator;kekse;feile;schokolade;feile;baby;pferd;geige;schaf;pinsel;orchidee;pferd;glocke;tiger;kelle;schwamm;schneebesen;ohrring;kirsche;flasche;apfel;becher;fenster;tasse;käfig;Filler;Filler
bank;schloss;schwan;hocker;kirche;schwan;ohr;feile;kuchen;fuss;kopfkissen;eis;rose;kopfhörer;klavier;rose;briefmarke;tulpe;schneebesen;ohrring;ohrring;glocke;kette;kassette;flasche;banane;ventilator;banane;spinne;ameise;pinsel;Filler;Filler
schwamm;tafel;tempel;hochhaus;luftballon;couch;schraubenzieher;ohr;schornstein;feile;kekse;ohr;klavier;sonnenblume;tulpe;gitarre;reh;harfe;löwe;briefkasten;bär;kelle;panther;kelle;spinne;marienkäfer;spinne;teppich;kopfkissen;baby;parfum;Filler;Filler
burg;teppich;cd;ente;bank;schloss;bonbon;parfum;arm;eis;bohrmaschine;schraubenzieher;fenster;schaf;kamel;cd;sonnenblume;steckdose;ohrring;löffel;zigarette;löwe;kamera;löwe;trauben;schornstein;banane;fliege;apfel;flasche;pfeife;Filler;Filler
ente;stuhl;sessel;schwert;strauss;zigarette;fuss;hammer;bonbon;hand;fuss;kuchen;sonnenblume;schlagzeug;schlagzeug;kamel;gitarre;rose;puppe;kette;löffel;parfum;ring;fenster;glas;kanne;tasse;apfel;schwert;trauben;fenster;Filler;Filler
würfel;pinsel;burg;tempel;cd;bank;hammer;bonbon;bürste;zange;kuchen;fuss;harfe;orchidee;sonnenblume;orchidee;kamel;schlagzeug;briefkasten;löwe;ring;brosche;bär;löffel;ameise;biene;biene;flasche;glas;biene;teppich;Filler;Filler
schloss;strauss;mülleimer;parfum;stuhl;kirche;kuchen;streichholz;bohrmaschine;bonbon;zange;feile;schaf;reh;reh;schlüssel;tulpe;mülleimer;tiger;messer;löwe;leopard;schornstein;armband;apfel;bürste;trauben;zigarette;brille;kerze;fächer;Filler;Filler
hocker;sessel;hocker;strauss;hochhaus;eule;arm;zange;bein;ventilator;bein;fenster;löwenzahn;schwert;lippenstift;klavier;klavier;sonnenblume;brosche;armband;schneebesen;bürste;brosche;panther;tasse;glas;flasche;ameise;trauben;kanne;schwert;Filler;Filler
gabel;kelle;panther;löwe;löffel;löwe;hochhaus;lippenstift;burg;eule;hochhaus;badewanne;herd;geschirrspüler;mikrowelle;gondel;gondel;lineal;couch;strauss;stuhl;schwert;sessel;strauss;tiger;bär;gabel;ohrring;bär;brosche;würfel;Filler;Filler
tiger;kamera;löffel;löffel;fernglas;gabel;lippenstift;couch;schwan;puppe;sessel;couch;kanu;bleistift;bleistift;radiergummi;radiergummi;schornstein;tempel;stuhl;schwan;burg;burg;hochhaus;schneebesen;löffel;ohrring;messer;parfum;messer;bürste;Filler;Filler
ring;löwe;brosche;kassette;ohrring;armband;bank;hochhaus;stuhl;bank;mikrofon;kirche;schwert;puppe;würfel;kaffeemaschine;pfeife;kühlschrank;mikrofon;pinsel;waage;bank;ente;briefmarke;parfum;ohrring;streichholz;leopard;löffel;leopard;mikrofon;Filler;Filler
schneebesen;ampel;tiger;pfeife;tiger;leopard;ente;baby;pinsel;schwan;bürste;briefkasten;klammer;kaffeemaschine;kühlschrank;u-boot;yacht;gondel;stuhl;hochhaus;schloss;ente;stuhl;pinsel;kopfhörer;käfig;kelle;armband;löwe;ring;fernglas;Filler;Filler
leopard;brosche;messer;panther;glocke;messer;kirche;zigarette;taube;hochhaus;stuhl;ampel;gondel;radiergummi;klammer;schere;schere;bleistift;ente;sessel;couch;ball;schloss;sessel;armband;messer;löwe;gabel;ohrring;kelle;kassette;Filler;Filler
armband;messer;briefmarke;ohrring;messer;steckdose;couch;schwan;hochhaus;sessel;schwan;strauss;kühlschrank;kanu;segelschiff;baby;spaghetti;cd;kerze;schwamm;eule;tempel;eule;eule;steckdose;kette;kopfkissen;panther;gabel;löwe;badewanne;Filler;Filler
kelle;baby;armband;gabel;panther;panther;teppich;schloss;hocker;kopfhörer;würfel;ball;bleistift;mülleimer;kamera;kühlschrank;segelschiff;segelschiff;bank;tempel;tempel;schwan;bank;kirche;leopard;brille;messer;brosche;panther;spaghetti;steckdose;Filler;Filler
kamera;armband;schneebesen;bär;brosche;kelle;strauss;sessel;eule;schloss;hocker;fernglas;yacht;lineal;radiergummi;klammer;mikrowelle;geschirrspüler;strauss;couch;hocker;brille;zigarette;stuhl;brosche;schneebesen;kopfhörer;kelle;armband;löffel;spaghetti;Filler;Filler
löwe;leopard;käfig;ring;schneebesen;kette;baby;strauss;kirche;ente;strauss;schwan;geschirrspüler;segelschiff;yacht;lippenstift;bleistift;klammer;burg;taube;pfeife;briefmarke;taube;schwan;kelle;löwe;bürste;fernglas;kassette;brille;schlüssel;Filler;Filler
kette;puppe;löwe;badewanne;bär;tiger;tempel;kirche;ball;stuhl;tempel;hocker;ball;mikrowelle;pinsel;kanu;zigarette;yacht;hocker;tafel;hochhaus;stuhl;couch;burg;bär;streichholz;bär;kette;messer;armband;mülleimer;Filler;Filler
spaghetti;fenster;ring;schneebesen;fenster;löffel;eule;hocker;sessel;käfig;couch;burg;würfel;klammer;herd;mikrowelle;herd;bürste;taube;schloss;fernglas;kirche;kirche;couch;kette;ring;armband;bär;waage;fächer;briefmarke;Filler;Filler
panther;ring;fächer;kette;ring;ohrring;stuhl;ente;schloss;kirche;fächer;eule;u-boot;u-boot;käfig;spaghetti;würfel;mikrowelle;fernglas;ente;strauss;eule;strauss;glocke;gabel;leopard;puppe;fächer;brosche;bär;kopfkissen;Filler;Filler
messer;gabel;bär;glocke;leopard;schwert;schloss;badewanne;mülleimer;hocker;taube;stuhl;schere;waage;kanu;fernglas;lineal;u-boot;hochhaus;hocker;kirche;sessel;briefmarke;waage;badewanne;glocke;leopard;ring;schneebesen;kette;luftballon;Filler;Filler
ball;tiger;ohrring;messer;kerze;kopfkissen;taube;burg;bank;schornstein;kirche;tempel;pinsel;schere;kaffeemaschine;herd;geschirrspüler;spaghetti;schwan;schwert;mikrofon;kamera;cd;schloss;ring;gabel;kette;schneebesen;tiger;pinsel;ventilator;Filler;Filler
brosche;ohrring;fernglas;armband;kopfkissen;brosche;sessel;eule;strauss;strauss;glocke;taube;mikrowelle;spaghetti;schere;yacht;teppich;herd;schwamm;schwan;ente;strauss;schwan;ente;löwe;armband;löffel;löwe;ring;panther;briefkasten;Filler;Filler
löffel;schneebesen;schwamm;leopard;armband;schneebesen;briefmarke;bank;fernglas;brille;eule;bank;lineal;yacht;bürste;bleistift;u-boot;schere;kirche;bank;sessel;couch;hochhaus;hocker;löffel;panther;panther;ball;kelle;gabel;schornstein;Filler;Filler
parfum;panther;kelle;kelle;kelle;teppich;burg;tempel;tempel;burg;schloss;hochhaus;segelschiff;herd;gondel;geschirrspüler;kaffeemaschine;mikrofon;eule;kirche;glocke;schloss;ventilator;tempel;ohrring;ampel;ring;löffel;ampel;ohrring;lippenstift;Filler;Filler
ohrring;kette;kette;brosche;löwe;ring;schwamm;taube;couch;couch;bank;ente;kaffeemaschine;schornstein;geschirrspüler;segelschiff;klammer;kaffeemaschine;bürste;eule;burg;taube;mikrofon;taube;schwamm;brosche;schneebesen;tiger;käfig;tiger;streichholz;Filler;Filler
bär;löffel;leopard;tiger;kette;bär;schwan;stuhl;ente;taube;ente;sessel;parfum;gondel;lineal;lineal;kanu;radiergummi;sessel;würfel;bank;hocker;hocker;bank;messer;tiger;tiger;kopfkissen;leopard;schneebesen;cd;Filler;Filler
ventilator;bär;gabel;zigarette;gabel;ventilator;hocker;waage;schwert;tempel;burg;schloss;radiergummi;kühlschrank;u-boot;teppich;kühlschrank;kanu;schloss;burg;taube;hochhaus;tempel;schwert;panther;kelle;brosche;kopfhörer;kette;schornstein;schwamm;Filler;Filler